{
	"central": [{
			"measureId": 58,
			"name": "Acute Myeloid Leukemia Cancer",
			"info": "per 100,000",
			"desc": "Acute Myeloid cancer occurs in...",
			"bench": 0
		},
		{
			"measureId": 48,
			"name": "Bladder Cancer",
			"info": "per 100,000",
			"desc": "Acute Myeloid cancer occurs in...",
			"bench": 0
		},
		{
			"measureId": 50,
			"name": "Brain/Nervous System Cancer",
			"info": "per 100,000",
			"desc": "Acute Myeloid cancer occurs in...",
			"bench": 0
		},
		{
			"measureId": 287,
			"name": "Breast Cancer",
			"info": "per 100,000",
			"desc": "Acute Myeloid cancer occurs in...",
			"bench": 0
		},
		{
			"measureId": 60,
			"name": "Chronic Lymphocytic Leukemia Cancer",
			"info": "per 100,000",
			"desc": "Acute Myeloid cancer occurs in...",
			"bench": 0
		},
		{
			"measureId": 487,
			"name": "Esophageal Cancer",
			"info": "per 100,000",
			"desc": "Acute Myeloid cancer occurs in...",
			"bench": 0
		},
		{
			"measureId": 390,
			"name": "Kidney Cancer",
			"info": "per 100,000",
			"desc": "Acute Myeloid cancer occurs in...",
			"bench": 0
		},
		{
			"measureId": 495,
			"name": "Larynx Cancer",
			"info": "per 100,000",
			"desc": "Acute Myeloid cancer occurs in...",
			"bench": 0
		},
		{
			"measureId": 56,
			"name": "Leukemia",
			"info": "per 100,000",
			"desc": "Acute Myeloid cancer occurs in...",
			"bench": 0
		},
		{
			"measureId": 394,
			"name": "Liver Cancer",
			"info": "per 100,000",
			"desc": "Acute Myeloid cancer occurs in...",
			"bench": 0
		},
		{
			"measureId": 62,
			"name": "Lung/Bronchus Cancer",
			"info": "per 100,000",
			"desc": "Acute Myeloid cancer occurs in...",
			"bench": 0
		},
		{ 
			"measureId": 386,
			"name": "Melanoma Cancer",
			"info": "per 100,000",
			"desc": "Acute Myeloid cancer occurs in...",
			"bench": 0
		},
		{
			"measureId": 383,
			"name": "Mesothelioma",
			"info": "per 100,000",
			"desc": "Acute Myeloid cancer occurs in...",
			"bench": 0
		},
		{
			"measureId": 64,
			"name": "Non-Hodgkin's Lymphoma Cancer",
			"info": "per 100,000",
			"desc": "Acute Myeloid cancer occurs in...",
			"bench": 0
		},
		{
			"measureId": 483,
			"name": "Oral Cancer",
			"info": "per 100,000",
			"desc": "Acute Myeloid cancer occurs in...",
			"bench": 0
		},
		{
			"measureId": 491,
			"name": "Pancreatic Cancer",
			"info": "per 100,000",
			"desc": "Acute Myeloid cancer occurs in...",
			"bench": 0
		},
		{
			"measureId": 66,
			"name": "Thyroid Cancer",
			"info": "per 100,000",
			"desc": "Acute Myeloid cancer occurs in...",
			"bench": 0
		},

        {
			"measureId": 585,
			"name": "Adults with asthma (ever)",
			"info": "% adults diagnosed (2011-)",
			"desc": "Acute Myeloid cancer occurs in...",
			"bench": 14.2
		},
		{
			"measureId": 589,
			"name": "Adults with asthma (active)",
			"info": "% adults (2011-)",
			"desc": "Acute Myeloid cancer occurs in...",
			"bench": 9.42
		},
		{
			"measureId": 587,
			"name": "Children with asthma (ever)",
			"info": "% children (2011-)",
			"desc": "Acute Myeloid cancer occurs in...",
			"bench": 14
		},
		{
			"measureId": 588,
			"name": "Children with asthma (active)",
			"info": "% children",
			"desc": "Acute Myeloid cancer occurs in...",
			"bench": 9.42
		},
		{
			"measureId": 103,
			"name": "Hospitalization due to asthma",
			"info": "rate per 10,000",
			"desc": "Acute Myeloid cancer occurs in...",
			"bench": 7.84
        },
        {
			"measureId": 554,
			"name": "Death from heart attack (>35 and older)",
			"info": "per 100,000",
			"desc": "Acute Myeloid cancer occurs in...",
			"bench": 97.74
		},
		{
			"measureId": 108,
			"name": "Heart attack rate of hospitalization",
			"info": "persons > 35 per 100,000",
			"desc": "Acute Myeloid cancer occurs in...",
			"bench": 29.74
		},
		{
			"measureId": 551,
			"name": "Death from ischemic heart disease",
			"info": "per 100,000",
			"desc": "Acute Myeloid cancer occurs in...",
			"bench": 185.23
		}


	]


   
}